continent,location,population,last_updated_date,total_cases,total_tests,new_tests,total_tests_per_thousand,new_tests_per_thousand,new_tests_smoothed,new_tests_smoothed_per_thousand,positive_rate,tests_per_case,tests_units,total_vaccinations,people_vaccinated,people_fully_vaccinated,total_boosters,new_vaccinations,new_vaccinations_smoothed,total_vaccinations_per_hundred,people_vaccinated_per_hundred,people_fully_vaccinated_per_hundred,total_boosters_per_hundred,new_vaccinations_smoothed_per_million,new_people_vaccinated_smoothed,new_people_vaccinated_smoothed_per_hundred,stringency_index,population_density,median_age,aged_65_older,aged_70_older,gdp_per_capita,extreme_poverty,cardiovasc_death_rate,diabetes_prevalence,female_smokers,male_smokers,handwashing_facilities,hospital_beds_per_thousand,life_expectancy,human_development_index,excess_mortality_cumulative_absolute,excess_mortality_cumulative,excess_mortality,excess_mortality_cumulative_per_million
Asia,Afghanistan,41128772,04-08-2024 00:00,235214,,,,,,,,,,,,,,,,,,,,,,,,54.422,18.6,2.581,1.337,1803.987,,597.029,9.59,,,37.746,0.5,64.83,0.511,,,,
Europe,Albania,2842318,04-08-2024 00:00,335047,,,,,,,,,,,,,,,,,,,,,,,,104.871,38,13.188,8.643,11803.431,1.1,304.195,10.08,7.1,51.2,,2.89,78.57,0.795,,,,
Africa,Algeria,44903228,04-08-2024 00:00,272139,,,,,,,,,,,,,,,,,,,,,,,,17.348,29.1,6.211,3.857,13913.839,0.5,278.364,6.73,0.7,30.4,83.741,1.9,76.88,0.748,,,,
Oceania,American Samoa,44295,04-08-2024 00:00,8359,,,,,,,,,,,,,,,,,,,,,,,,278.205,,,,,,283.75,,,,,,73.74,,,,,
Europe,Andorra,79843,04-08-2024 00:00,48015,,,,,,,,,,,,,,,,,,,,,,,,163.755,,,,,,109.135,7.97,29,37.8,,,83.73,0.868,,,,
Africa,Angola,35588996,04-08-2024 00:00,107481,,,,,,,,,,,,,,,,,,,,,,,,23.89,16.8,2.405,1.362,5819.495,,276.045,3.94,,,26.664,,61.15,0.581,,,,
North America,Anguilla,15877,04-08-2024 00:00,3904,,,,,,,,,,,,,,,,,,,,,,,,,,,,,,,,,,,,81.88,,,,,
North America,Antigua and Barbuda,93772,04-08-2024 00:00,9106,,,,,,,,,,,,,,,,,,,,,,,,231.845,32.1,6.933,4.631,21490.943,,191.511,13.17,,,,3.8,77.02,0.778,,,,
South America,Argentina,45510324,04-08-2024 00:00,10101218,,,,,,,,,,,,,,,,,,,,,,,,16.177,31.9,11.198,7.441,18933.907,0.6,191.032,5.5,16.2,27.7,,5,76.67,0.845,,,,
Asia,Armenia,2780472,04-08-2024 00:00,452273,,,,,,,,,,,,,,,,,,,,,,,,102.931,35.7,11.232,7.571,8787.58,1.8,341.01,7.11,1.5,52.1,94.043,4.2,75.09,0.776,,,,
North America,Aruba,106459,04-08-2024 00:00,44224,,,,,,,,,,,,,,,,,,,,,,,,584.8,41.2,13.085,7.452,35973.781,,,11.62,,,,,76.29,,,,,
Oceania,Australia,26177410,04-08-2024 00:00,11861161,,,,,,,,,,,,,,,,,,,,,,,,3.202,37.9,15.504,10.129,44648.71,0.5,107.791,5.07,13,16.5,,3.84,83.44,0.944,,,,
Europe,Austria,8939617,04-08-2024 00:00,6082444,,,,,,,,,,,,,,,,,,,,,,,,106.749,44.4,19.202,13.748,45436.686,0.7,145.183,6.35,28.4,30.9,,7.37,81.54,0.922,,,,
Asia,Azerbaijan,10358078,04-08-2024 00:00,835757,,,,,,,,,,,,,,,,,,,,,,,,119.309,32.4,6.018,3.871,15847.419,,559.812,7.11,0.3,42.5,83.241,4.7,73,0.756,,,,
North America,Bahamas,409989,04-08-2024 00:00,39127,,,,,,,,,,,,,,,,,,,,,,,,39.497,34.3,8.996,5.2,27717.847,,235.954,13.17,3.1,20.4,,2.9,73.92,0.814,,,,
Asia,Bahrain,1472237,04-08-2024 00:00,696614,,,,,,,,,,,,,,,,,,,,,,,,1935.907,32.4,2.372,1.387,43290.705,,151.689,16.52,5.8,37.6,,2,77.29,0.852,,,,
Asia,Bangladesh,171186368,04-08-2024 00:00,2051348,,,,,,,,,,,,,,,,,,,,,,,,1265.036,27.5,5.098,3.262,3523.984,14.8,298.003,8.38,1,44.7,34.808,0.8,72.59,0.632,,,,
North America,Barbados,281646,04-08-2024 00:00,108582,,,,,,,,,,,,,,,,,,,,,,,,664.463,39.8,14.952,9.473,16978.068,,170.05,13.57,1.9,14.5,88.469,5.8,79.19,0.814,,,,
Europe,Belarus,9534956,04-08-2024 00:00,994037,,,,,,,,,,,,,,,,,,,,,,,,46.858,40.3,14.799,9.788,17167.967,,443.129,5.18,10.5,46.1,,11,74.79,0.823,,,,
Europe,Belgium,11655923,04-08-2024 00:00,4872829,,,,,,,,,,,,,,,,,,,,,,,,375.564,41.8,18.571,12.849,42658.576,0.2,114.898,4.29,25.1,31.4,,5.64,81.63,0.931,,,,
North America,Belize,405285,04-08-2024 00:00,71414,,,,,,,,,,,,,,,,,,,,,,,,16.426,25,3.853,2.279,7824.362,,176.957,17.11,,,90.083,1.3,74.62,0.716,,,,
Africa,Benin,13352864,04-08-2024 00:00,28036,,,,,,,,,,,,,,,,,,,,,,,,99.11,18.8,3.244,1.942,2064.236,49.6,235.848,0.99,0.6,12.3,11.035,0.5,61.77,0.545,,,,
North America,Bermuda,64207,04-08-2024 00:00,18860,,,,,,,,,,,,,,,,,,,,,,,,1308.82,,,,50669.315,,139.547,13,,,,,82.59,,,,,
Asia,Bhutan,782457,04-08-2024 00:00,62697,,,,,,,,,,,,,,,,,,,,,,,,21.188,28.6,4.885,2.977,8708.597,1.5,217.066,9.75,,,79.807,1.7,71.78,0.654,,,,
South America,Bolivia,12224114,04-08-2024 00:00,1212147,,,,,,,,,,,,,,,,,,,,,,,,10.202,25.4,6.704,4.393,6885.829,7.1,204.299,6.89,,,25.383,1.1,71.51,0.718,,,,
North America,Bonaire Sint Eustatius and Saba,27052,04-08-2024 00:00,11922,,,,,,,,,,,,,,,,,,,,,,,,,,,,,,,,,,,,77.79,,,,,
Europe,Bosnia and Herzegovina,3233530,04-08-2024 00:00,403666,,,,,,,,,,,,,,,,,,,,,,,,68.496,42.5,16.569,10.711,11713.895,0.2,329.635,10.08,30.2,47.7,97.164,3.5,77.4,0.78,,,,
Africa,Botswana,2630300,04-08-2024 00:00,330696,,,,,,,,,,,,,,,,,,,,,,,,4.044,25.8,3.941,2.242,15807.374,,237.372,4.81,5.7,34.4,,1.8,69.59,0.735,,,,
South America,Brazil,215313504,04-08-2024 00:00,37511921,,,,,,,,,,,,,,,,,,,,,,,,25.04,33.5,8.552,5.06,14103.452,3.4,177.961,8.11,10.1,17.9,,2.2,75.88,0.765,,,,
North America,British Virgin Islands,31332,04-08-2024 00:00,7557,,,,,,,,,,,,,,,,,,,,,,,,207.973,,,,,,,13.67,,,,,79.07,,,,,
Asia,Brunei,449002,04-08-2024 00:00,347723,,,,,,,,,,,,,,,,,,,,,,,,81.347,32.4,4.591,2.382,71809.251,,201.285,12.79,2,30.9,,2.7,75.86,0.838,,,,
Europe,Bulgaria,6781955,04-08-2024 00:00,1329988,,,,,,,,,,,,,,,,,,,,,,,,65.18,44.7,20.801,13.272,18563.307,1.5,424.688,5.81,30.1,44.4,,7.454,75.05,0.816,,,,
Africa,Burkina Faso,22673764,04-08-2024 00:00,22139,,,,,,,,,,,,,,,,,,,,,,,,70.151,17.6,2.409,1.358,1703.102,43.7,269.048,2.42,1.6,23.9,11.877,0.4,61.58,0.452,,,,
Africa,Burundi,12889583,04-08-2024 00:00,54569,,,,,,,,,,,,,,,,,,,,,,,,423.062,17.5,2.562,1.504,702.225,71.7,293.068,6.05,,,6.144,0.8,61.58,0.433,,,,
Asia,Cambodia,16767851,04-08-2024 00:00,139319,,,,,,,,,,,,,,,,,,,,,,,,90.672,25.6,4.412,2.385,3645.07,,270.892,4,2,33.7,66.229,0.8,69.82,0.594,,,,
Africa,Cameroon,27914542,04-08-2024 00:00,125246,,,,,,,,,,,,,,,,,,,,,,,,50.885,18.8,3.165,1.919,3364.926,23.8,244.661,7.2,,,2.735,1.3,59.29,0.563,,,,
North America,Canada,38454328,04-08-2024 00:00,4819055,,,,,,,,,,102877159,,,34890285,,442,267.53,,,90.73,11,,,,4.037,41.4,16.984,10.797,44017.591,0.5,105.599,7.37,12,16.6,,2.5,82.43,0.929,,,,
Africa,Cape Verde,593162,04-08-2024 00:00,64474,,,,,,,,,,,,,,,,,,,,,,,,135.58,25.7,4.46,3.437,6222.554,,182.219,2.42,2.1,16.5,,2.1,72.98,0.665,,,,
North America,Cayman Islands,68722,04-08-2024 00:00,31472,,,,,,,,,,,,,,,,,,,,,,,,256.496,,,,49903.029,,,13.22,,,,,83.92,,,,,
Africa,Central African Republic,5579148,04-08-2024 00:00,15441,,,,,,,,,,,,,,,,,,,,,,,,7.479,18.3,3.655,2.251,661.24,,435.727,6.1,,,16.603,1,53.28,0.397,,,,
Africa,Chad,17723312,04-08-2024 00:00,7702,,,,,,,,,,,,,,,,,,,,,,,,11.833,16.7,2.486,1.446,1768.153,38.4,280.995,6.1,,,5.818,,54.24,0.398,,,,
South America,Chile,19603736,04-08-2024 00:00,5401126,,,,,,,,,,,,,,,,,,,,,,,,24.282,35.4,11.087,6.938,22767.037,1.3,127.993,8.46,34.2,41.5,,2.11,80.18,0.851,,,,
Asia,China,1425887360,04-08-2024 00:00,99373219,,,,,,,,,,,,,,,,,,,,,,,,147.674,38.7,10.641,5.929,15308.712,0.7,261.899,9.74,1.9,48.4,,4.34,76.91,0.761,,,,
South America,Colombia,51874028,04-08-2024 00:00,6391876,,,,,,,,,,,,,,,,,,,,,,,,44.223,32.2,7.646,4.312,13254.949,4.5,124.24,7.44,4.7,13.5,65.386,1.71,77.29,0.767,,,,
Africa,Comoros,836783,04-08-2024 00:00,9109,,,,,,,,,,,,,,,,,,,,,,,,437.352,20.4,2.963,1.726,1413.89,18.1,261.516,11.88,4.4,23.6,15.574,2.2,64.32,0.554,,,,
Africa,Congo,5970430,04-08-2024 00:00,25227,,,,,,,,,,,,,,,,,,,,,,,,15.405,19,3.402,2.063,4881.406,37,344.094,7.2,1.7,52.3,47.964,,64.57,0.574,,,,
Oceania,Cook Islands,17032,04-08-2024 00:00,7345,,,,,,,,,,,,,,,,,,,,,,,,,,,,,,,,,,,,76.25,,,,,
North America,Costa Rica,5180836,04-08-2024 00:00,1234701,,,,,,,,,,,,,,,,,,,,,,,,96.079,33.6,9.468,5.694,15524.995,1.3,137.973,8.78,6.4,17.4,83.841,1.13,80.28,0.81,,,,
Africa,Cote d'Ivoire,28160548,04-08-2024 00:00,88434,,,,,,,,,,,,,,,,,,,,,,,,76.399,18.7,2.933,1.582,3601.006,28.2,303.74,2.42,,,19.351,,57.78,0.538,,,,
Europe,Croatia,4030361,04-08-2024 00:00,1317144,,,,,,,,,,,,,,,,,,,,,,,,73.726,44,19.724,13.053,22669.797,0.7,253.782,5.59,34.3,39.9,,5.54,78.49,0.851,,,,
North America,Cuba,11212198,04-08-2024 00:00,1113662,,,,,,,,,,,,,,,,,,,,,,,,110.408,43.1,14.738,9.719,,,190.968,8.27,17.1,53.3,85.198,5.2,78.8,0.783,,,,
North America,Curacao,191173,04-08-2024 00:00,45883,,,,,,,,,,,,,,,,,,,,,,,,362.644,41.7,16.367,10.068,,,,11.62,,,,,78.88,,,,,
Europe,Cyprus,896007,04-08-2024 00:00,696410,,,,,,,,,,,,,,,,,,,,,,,,127.657,37.3,13.416,8.563,32415.132,,141.171,9.24,19.6,52.7,,3.4,80.98,0.887,,,,
Europe,Czechia,10493990,12-08-2024 00:00,4761919,,,,,,,,,,19047108,6982006,6895763,5581388,4,4,181.5,66.53,65.71,53.19,0,0,0,,137.176,43.3,19.027,11.58,32605.906,,227.485,6.82,30.5,38.3,,6.63,79.38,0.9,,,,
Africa,Democratic Republic of Congo,99010216,04-08-2024 00:00,101009,,,,,,,,,,,,,,,,,,,,,,,,35.879,17,3.02,1.745,808.133,77.1,318.949,6.1,,,4.472,,60.68,0.48,,,,
Europe,Denmark,5882259,04-08-2024 00:00,3435679,,,,,,,,,,,,,,,,,,,,,,,,136.52,42.3,19.677,12.325,46682.515,0.2,114.767,6.41,19.3,18.8,,2.5,80.9,0.94,,,,
Africa,Djibouti,1120851,04-08-2024 00:00,15690,,,,,,,,,,,,,,,,,,,,,,,,41.285,25.4,4.213,2.38,2705.406,22.5,258.037,6.05,1.7,24.5,,1.4,67.11,0.524,,,,
North America,Dominica,72758,04-08-2024 00:00,16047,,,,,,,,,,,,,,,,,,,,,,,,98.567,,,,9673.367,,227.376,11.62,,,,3.8,75,0.742,,,,
North America,Dominican Republic,11228821,04-08-2024 00:00,661103,,,,,,,,,,,,,,,,,,,,,,,,222.873,27.6,6.981,4.419,14600.861,1.6,266.653,8.2,8.5,19.1,55.182,1.6,74.08,0.756,,,,
Asia,East Timor,1341298,04-08-2024 00:00,23460,,,,,,,,,,,,,,,,,,,,,,,,87.176,18,3.556,1.897,6570.102,30.3,335.346,6.86,6.3,78.1,28.178,5.9,69.5,0.606,,,,
South America,Ecuador,18001002,04-08-2024 00:00,1077445,,,,,,,,,,,,,,,,,,,,,,,,66.939,28.1,7.104,4.458,10581.936,3.6,140.448,5.55,2,12.3,80.635,1.5,77.01,0.759,,,,
Africa,Egypt,110990096,04-08-2024 00:00,516023,,,,,,,,,,,,,,,,,,,,,,,,97.999,25.3,5.159,2.891,10550.206,1.3,525.432,17.31,0.2,50.1,89.827,1.6,71.99,0.707,,,,
North America,El Salvador,6336393,04-08-2024 00:00,201920,,,,,,,,,,,,,,,,,,,,,,,,307.811,27.6,8.273,5.417,7292.458,2.2,167.295,8.87,2.5,18.8,90.65,1.3,73.32,0.673,,,,
Africa,Equatorial Guinea,1674916,04-08-2024 00:00,17130,,,,,,,,,,,,,,,,,,,,,,,,45.194,22.4,2.846,1.752,22604.873,,202.812,7.78,,,24.64,2.1,58.74,0.592,,,,
Africa,Eritrea,3684041,04-08-2024 00:00,10189,,,,,,,,,,,,,,,,,,,,,,,,44.304,19.3,3.607,2.171,1510.459,,311.11,6.05,0.2,11.4,,0.7,66.32,0.459,,,,
Europe,Estonia,1326064,12-08-2024 00:00,610471,,,,,,,,,,2171623,870213,862748,659459,9,15,163.76,65.62,65.06,49.73,11,2,0,,31.033,42.7,19.452,13.491,29481.252,0.5,255.569,4.02,24.5,39.3,,4.69,78.74,0.892,,,,
Africa,Eswatini,1201680,04-08-2024 00:00,75356,,,,,,,,,,,,,,,,,,,,,,,,79.492,21.5,3.163,1.845,7738.975,,333.436,3.94,1.7,16.5,24.097,2.1,60.19,0.611,,,,
Africa,Ethiopia,123379928,04-08-2024 00:00,501193,,,,,,,,,,,,,,,,,,,,,,,,104.957,19.8,3.526,2.063,1729.927,26.7,182.634,7.47,0.4,8.5,7.96,0.3,66.6,0.485,,,,
South America,Falkland Islands,3801,04-08-2024 00:00,1923,,,,,,,,,,,,,,,,,,,,,,,,,,,,,,,,,,,,81.44,,,,,
Europe,Faroe Islands,53117,04-08-2024 00:00,34658,,,,,,,,,,,,,,,,,,,,,,,,35.308,,,,,,,,,,,,80.67,,,,,
Oceania,Fiji,929769,04-08-2024 00:00,69047,,,,,,,,,,,,,,,,,,,,,,,,49.562,28.6,6.224,3.284,8702.975,1.4,412.82,14.49,10.2,34.8,,2.3,67.44,0.743,,,,
Europe,Finland,5540745,04-08-2024 00:00,1499712,,,,,,,,,,,,,,,,,,,,,,,,18.136,42.8,21.228,13.264,40585.721,,153.507,5.76,18.3,22.6,,3.28,81.91,0.938,,,,
Europe,France,67813000,04-08-2024 00:00,38997490,,,,,,,,,,,,,,,,,,,,,,,,122.578,42,19.718,13.079,38605.671,,86.06,4.77,30.1,35.6,,5.98,82.66,0.901,,,,
South America,French Guiana,304568,04-08-2024 00:00,98041,,,,,,,,,,,,,,,,,,,,,,,,,25.3,,2.897,,,,,,,,,79.95,,,,,
Oceania,French Polynesia,306292,04-08-2024 00:00,79387,,,,,,,,,,,,,,,,,,,,,,,,77.324,32.7,7.775,4.593,,,,22.63,,,,,77.66,,,,,
Africa,Gabon,2388997,04-08-2024 00:00,49051,,,,,,,,,,,,,,,,,,,,,,,,7.859,23.1,4.45,2.976,16562.413,3.4,259.967,7.2,,,,6.3,66.47,0.703,,,,
Africa,Gambia,2705995,04-08-2024 00:00,12627,,,,,,,,,,,,,,,,,,,,,,,,207.566,17.5,2.339,1.417,1561.767,10.1,331.43,1.91,0.7,31.2,7.876,1.1,62.05,0.496,,,,
Asia,Georgia,3744385,04-08-2024 00:00,1863615,,,,,,,,,,,,,,,,,,,,,,,,65.032,38.7,14.864,10.244,9745.079,4.2,496.218,7.11,5.3,55.5,,2.6,73.77,0.812,,,,
Europe,Germany,83369840,04-08-2024 00:00,38437756,,,,,,,,,,,,,,,,,,,,,,,,237.016,46.6,21.453,15.957,45229.245,,156.139,8.31,28.2,33.1,,8,81.33,0.947,,,,
Africa,Ghana,33475870,04-08-2024 00:00,172062,,,,,,,,,,,,,,,,,,,,,,,,126.719,21.1,3.385,1.948,4227.63,12,298.245,4.97,0.3,7.7,41.047,0.9,64.07,0.611,,,,
Europe,Gibraltar,32677,04-08-2024 00:00,20550,,,,,,,,,,,,,,,,,,,,,,,,3457.1,,,,,,,,,,,,79.93,,,,,
Europe,Greece,10384972,04-08-2024 00:00,5673681,,,,,,,,,,,,,,,,,,,,,,,,83.479,45.3,20.396,14.524,24574.382,1.5,175.695,4.55,35.3,52,,4.21,82.24,0.888,,,,
North America,Greenland,56494,04-08-2024 00:00,11971,,,,,,,,,,,,,,,,,,,,,,,,0.137,,,,,,199.941,2.16,,,,,71.7,,,,,
North America,Grenada,125459,04-08-2024 00:00,19693,,,,,,,,,,,,,,,,,,,,,,,,317.132,29.4,7.304,5.021,13593.877,,243.964,10.71,,,,3.7,72.4,0.779,,,,
North America,Guadeloupe,395762,04-08-2024 00:00,203235,,,,,,,,,,,,,,,,,,,,,,,,,43.4,,,,,,,,,,,82.14,,,,,
Oceania,Guam,171783,04-08-2024 00:00,52287,,,,,,,,,,,,,,,,,,,,,,,,304.128,31.4,9.551,5.493,,,310.496,21.52,,,,,80.07,,,,,
North America,Guatemala,17843914,04-08-2024 00:00,1250371,,,,,,,,,,,,,,,,,,,,,,,,157.834,22.9,4.694,3.016,7423.808,8.7,155.898,10.18,,,76.665,0.6,74.3,0.663,,,,
Europe,Guernsey,63329,04-08-2024 00:00,35326,,,,,,,,,,,,,,,,,,,,,,,,,,,,,,,,,,,,,,,,,
Africa,Guinea,13859349,04-08-2024 00:00,38572,,,,,,,,,,,,,,,,,,,,,,,,51.755,19,3.135,1.733,1998.926,35.3,336.717,2.42,,,17.45,0.3,61.6,0.477,,,,
Africa,Guinea-Bissau,2105580,04-08-2024 00:00,9614,,,,,,,,,,,,,,,,,,,,,,,,66.191,19.4,3.002,1.565,1548.675,67.1,382.474,2.42,,,6.403,,58.32,0.48,,,,
South America,Guyana,808727,04-08-2024 00:00,74443,,,,,,,,,,,,,,,,,,,,,,,,3.952,26.3,5.305,2.837,7435.047,,373.159,11.62,,,77.159,1.6,69.91,0.682,,,,
North America,Haiti,11585003,04-08-2024 00:00,34456,,,,,,,,,,,,,,,,,,,,,,,,398.448,24.3,4.8,2.954,1653.173,23.5,430.548,6.65,2.9,23.1,22.863,0.7,64,0.51,,,,
North America,Honduras,10432858,04-08-2024 00:00,472896,,,,,,,,,,,,,,,,,,,,,,,,82.805,24.9,4.652,2.883,4541.795,16,240.208,7.21,2,,84.169,0.7,75.27,0.634,,,,
Asia,Hong Kong,7488863,10-08-2024 00:00,,,,,,,,,,,21014839,6920120,6803327,7291392,,189,280.61,92.41,90.85,97.36,25,5,0,,7039.714,44.8,16.303,10.158,56054.92,,,8.33,,,,,84.86,0.949,,,,
Europe,Hungary,9967304,04-08-2024 00:00,2230800,,,,,,,,,,,,,,,,,,,,,,,,108.043,43.4,18.577,11.976,26777.561,0.5,278.296,7.55,26.8,34.8,,7.02,76.88,0.854,,,,
Europe,Iceland,372903,04-08-2024 00:00,210374,,,,,,,,,,,,,,,,,,,,,,,,3.404,37.3,14.431,9.207,46482.958,0.2,117.992,5.31,14.3,15.2,,2.91,82.99,0.949,,,,
Asia,India,1417173120,12-08-2024 00:00,45041748,,,,,,,,,,2206868000,1027438924,951990552,227438524,7,8,155.72,72.5,67.18,16.05,0,3,0,,450.419,28.2,5.989,3.414,6426.674,21.2,282.28,10.39,1.9,20.6,59.55,0.53,69.66,0.645,,,,
Asia,Indonesia,275501344,04-08-2024 00:00,6829399,,,,,,,,,,,,,,,,,,,,,,,,145.725,29.3,5.319,3.053,11188.744,5.7,342.864,6.32,2.8,76.1,64.204,1.04,71.72,0.718,,,,
Asia,Iran,88550568,04-08-2024 00:00,7627863,,,,,,,,,,,,,,,,,,,,,,,,49.831,32.4,5.44,3.182,19082.62,0.2,270.308,9.59,0.8,21.1,,1.5,76.68,0.783,,,,
Asia,Iraq,44496124,04-08-2024 00:00,2465545,,,,,,,,,,,,,,,,,,,,,,,,88.125,20,3.186,1.957,15663.986,2.5,218.612,8.83,,,94.576,1.4,70.6,0.674,,,,
Europe,Ireland,5023108,04-08-2024 00:00,1745088,,,,,,,,,,,,,,,,,,,,,,,,69.874,38.7,13.928,8.678,67335.293,0.2,126.459,3.28,23,25.7,,2.96,82.3,0.955,,,,
Europe,Isle of Man,84534,04-08-2024 00:00,38008,,,,,,,,,,,,,,,,,,,,,,,,147.872,,,,,,,,,,,,81.4,,,,,
Asia,Israel,9449000,04-08-2024 00:00,4841558,,,,,,,,,,,,,,,,,,,,,,,,402.606,30.6,11.733,7.359,33132.32,0.5,93.32,6.74,15.4,35.4,,2.99,82.97,0.919,,,,
Europe,Italy,59037472,07-08-2024 00:00,26781078,,,,,,,,,,,,,,,,,,,,,,,,205.859,47.9,23.021,16.24,35220.084,2,113.151,4.78,19.8,27.8,,3.18,83.51,0.892,,,,
North America,Jamaica,2827382,04-08-2024 00:00,157181,,,,,,,,,,,,,,,,,,,,,,,,266.879,31.4,9.684,6.39,8193.571,,206.537,11.28,5.3,28.6,66.425,1.7,74.47,0.734,,,,
Asia,Japan,123951696,04-08-2024 00:00,33803572,,,,,,,,,,,,,,,,,,,,,,,,347.778,48.2,27.049,18.493,39002.223,,79.37,5.72,11.2,33.7,,13.05,84.63,0.919,,,,
Europe,Jersey,110796,04-08-2024 00:00,66391,,,,,,,,,,,,,,,,,,,,,,,,,,,,,,,,,,,,,,,,,
Asia,Jordan,11285875,04-08-2024 00:00,1746997,,,,,,,,,,,,,,,,,,,,,,,,109.285,23.2,3.81,2.361,8337.49,0.1,208.257,11.75,,,,1.4,74.53,0.729,,,,
Asia,Kazakhstan,19397998,04-08-2024 00:00,1504370,,,,,,,,,,,,,,,,,,,,,,,,6.681,30.6,6.991,4.625,24055.588,0.1,466.792,7.11,7,43.1,98.999,6.7,73.6,0.825,,,,
Africa,Kenya,54027484,04-08-2024 00:00,344106,,,,,,,,,,,,,,,,,,,,,,,,87.324,20,2.686,1.528,2993.028,36.8,218.637,2.92,1.2,20.4,24.651,1.4,66.7,0.601,,,,
Oceania,Kiribati,131237,04-08-2024 00:00,5085,,,,,,,,,,,,,,,,,,,,,,,,143.701,23.2,3.895,2.21,1981.132,,434.657,22.66,35.9,58.9,,1.9,68.37,0.63,,,,
Europe,Kosovo,1782115,04-08-2024 00:00,274279,,,,,,,,,,,,,,,,,,,,,,,,168.155,,,,9795.834,0.6,,,,,,,,,,,,
Asia,Kuwait,4268886,04-08-2024 00:00,667290,,,,,,,,,,,,,,,,,,,,,,,,232.128,33.7,2.345,1.114,65530.537,,132.235,15.84,2.7,37,,2,75.49,0.806,,,,
Asia,Kyrgyzstan,6630621,04-08-2024 00:00,88953,,,,,,,,,,,,,,,,,,,,,,,,32.333,26.3,4.489,2.882,3393.474,1.4,436.362,7.11,3.6,50.5,89.22,4.5,71.45,0.697,,,,
Asia,Laos,7529477,04-08-2024 00:00,219060,,,,,,,,,,,,,,,,,,,,,,,,29.715,24.4,4.029,2.322,6397.36,22.7,368.111,4,7.3,51.2,49.839,1.5,67.92,0.613,,,,
Europe,Latvia,1850654,04-08-2024 00:00,977765,,,,,,,,,,,,,,,,,,,,,,,,31.212,43.9,19.754,14.136,25063.846,0.7,350.06,4.91,25.6,51,,5.57,75.29,0.866,,,,
Asia,Lebanon,5489744,04-08-2024 00:00,1239904,,,,,,,,,,,,,,,,,,,,,,,,594.561,31.1,8.514,5.43,13367.565,,266.591,12.71,26.9,40.7,,2.9,78.93,0.744,,,,
Africa,Lesotho,2305826,04-08-2024 00:00,36138,,,,,,,,,,,,,,,,,,,,,,,,73.562,22.2,4.506,2.647,2851.153,59.6,405.126,3.94,0.4,53.9,2.117,,54.33,0.527,,,,
Africa,Liberia,5302690,04-08-2024 00:00,7930,,,,,,,,,,,,,,,,,,,,,,,,49.127,19.2,3.057,1.756,752.788,38.6,272.509,2.42,1.5,18.1,1.188,0.8,64.1,0.48,,,,
Africa,Libya,6812344,04-08-2024 00:00,507269,,,,,,,,,,,,,,,,,,,,,,,,3.623,29,4.424,2.816,17881.509,,341.862,10.43,,,,3.7,72.91,0.724,,,,
Europe,Liechtenstein,39355,04-08-2024 00:00,21588,,,,,,,,,,,,,,,,,,,,,,,,237.012,,,,,,,7.77,,,,2.397,82.49,0.919,,,,
Europe,Lithuania,2750058,14-08-2024 00:00,1369355,,,,,,,,,,4604865,1958300,1881106,948621,1,2,167.45,71.21,68.4,34.49,1,0,0,,45.135,43.5,19.002,13.778,29524.265,0.7,342.989,3.67,21.3,38,,6.56,75.93,0.882,,,,
Europe,Luxembourg,647601,04-08-2024 00:00,393542,,,,,,,,,,,,,,,,,,,,,,,,231.447,39.7,14.312,9.842,94277.965,0.2,128.275,4.42,20.9,26,,4.51,82.25,0.916,,,,
Africa,Madagascar,29611718,04-08-2024 00:00,68567,,,,,,,,,,,,,,,,,,,,,,,,43.951,19.6,2.929,1.686,1416.44,77.6,405.994,3.94,,,50.54,0.2,67.04,0.528,,,,
Africa,Malawi,20405318,04-08-2024 00:00,89168,,,,,,,,,,,,,,,,,,,,,,,,197.519,18.1,2.979,1.783,1095.042,71.4,227.349,3.94,4.4,24.7,8.704,1.3,64.26,0.483,,,,
Asia,Malaysia,33938216,14-08-2024 00:00,5309410,,,,,,,,,,72657288,28138569,27551144,17185825,14,11,214.09,82.91,81.18,50.64,0,2,0,,96.254,29.9,6.293,3.407,26808.164,0.1,260.942,16.74,1,42.4,,1.9,76.16,0.81,,,,
Asia,Maldives,523798,04-08-2024 00:00,186694,,,,,,,,,,,,,,,,,,,,,,,,1454.433,30.6,4.12,2.875,15183.616,,164.905,9.19,2.1,55,95.803,,78.92,0.74,,,,
Africa,Mali,22593598,04-08-2024 00:00,33166,,,,,,,,,,,,,,,,,,,,,,,,15.196,16.4,2.519,1.486,2014.306,,268.024,2.42,1.6,23,52.232,0.1,59.31,0.434,,,,
Europe,Malta,533293,04-08-2024 00:00,122796,,,,,,,,,,,,,,,,,,,,,,,,1454.037,42.4,19.426,11.324,36513.323,0.2,168.711,8.83,20.9,30.2,,4.485,82.53,0.895,,,,
Oceania,Marshall Islands,41593,04-08-2024 00:00,16297,,,,,,,,,,,,,,,,,,,,,,,,295.15,,,,3819.202,,557.793,30.53,,,82.502,2.7,73.7,0.704,,,,
North America,Martinique,367512,04-08-2024 00:00,230354,,,,,,,,,,,,,,,,,,,,,,,,,45.7,,12.543,,,,,,,,,82.54,,,,,
Africa,Mauritania,4736146,04-08-2024 00:00,63872,,,,,,,,,,,,,,,,,,,,,,,,4.289,20.3,3.138,1.792,3597.633,6,232.347,2.42,,,15.95,,64.92,0.546,,,,
Africa,Mauritius,1299478,04-08-2024 00:00,328167,,,,,,,,,,,,,,,,,,,,,,,,622.962,37.4,10.945,5.884,20292.745,0.5,224.644,22.02,3.2,40.7,,3.4,74.99,0.804,,,,
Africa,Mayotte,326113,04-08-2024 00:00,42027,,,,,,,,,,,,,,,,,,,,,,,,,20.1,,2.411,,,,,,,,,79.46,,,,,
North America,Mexico,127504120,04-08-2024 00:00,7619458,,,,,,,,,,,,,,,,,,,,,,,,66.444,29.3,6.857,4.321,17336.469,2.5,152.783,13.06,6.9,21.4,87.847,1.38,75.05,0.779,,,,
Oceania,Micronesia (country),114178,04-08-2024 00:00,31765,,,,,,,,,,,,,,,,,,,,,,,,150.777,23,4.81,2.392,3299.464,16,454.343,12.02,,,,,67.88,0.62,,,,
Europe,Moldova,3272993,04-08-2024 00:00,637520,,,,,,,,,,,,,,,,,,,,,,,,123.655,37.6,10.864,6.955,5189.972,0.2,408.502,5.72,5.9,44.6,86.979,5.8,71.9,0.75,,,,
Europe,Monaco,36491,04-08-2024 00:00,17181,,,,,,,,,,,,,,,,,,,,,,,,19347.5,,,,,,,5.46,,,,13.8,86.75,,,,,
Asia,Mongolia,3398373,04-08-2024 00:00,1011489,,,,,,,,,,,,,,,,,,,,,,,,1.98,28.6,4.031,2.421,11840.846,0.5,460.043,4.82,5.5,46.5,71.18,7,69.87,0.737,,,,
Europe,Montenegro,627082,04-08-2024 00:00,251280,,,,,,,,,,,,,,,,,,,,,,,,46.28,39.1,14.762,9.395,16409.288,1,387.305,10.08,44,47.9,,3.861,76.88,0.829,,,,
North America,Montserrat,4413,04-08-2024 00:00,1403,,,,,,,,,,,,,,,,,,,,,,,,,,,,,,,,,,,,74.16,,,,,
Africa,Morocco,37457976,04-08-2024 00:00,1279115,,,,,,,,,,,,,,,,,,,,,,,,80.08,29.6,6.769,4.209,7485.013,1,419.146,7.14,0.8,47.1,,1.1,76.68,0.686,,,,
Africa,Mozambique,32969520,04-08-2024 00:00,233843,,,,,,,,,,,,,,,,,,,,,,,,37.728,17.7,3.158,1.87,1136.103,62.9,329.942,3.3,5.1,29.1,12.227,0.7,60.85,0.456,,,,
Asia,Myanmar,54179312,04-08-2024 00:00,642885,,,,,,,,,,,,,,,,,,,,,,,,81.721,29.1,5.732,3.12,5591.597,6.4,202.104,4.61,6.3,35.2,79.287,0.9,67.13,0.583,,,,
Africa,Namibia,2567024,04-08-2024 00:00,172533,,,,,,,,,,,,,,,,,,,,,,,,3.078,22,3.552,2.085,9541.808,13.4,243.811,3.94,9.7,34.2,44.6,,63.71,0.646,,,,
Oceania,Nauru,12691,04-08-2024 00:00,5393,,,,,,,,,,,,,,,,,,,,,,,,682.45,,,,12895.635,,,24.07,43,36.9,,5,59.96,,,,,
Asia,Nepal,30547586,04-08-2024 00:00,1003450,,,,,,,,,,,,,,,,,,,,,,,,204.43,25,5.809,3.212,2442.804,15,260.797,7.26,9.5,37.8,47.782,0.3,70.78,0.602,,,,
Europe,Netherlands,17564020,04-08-2024 00:00,8640008,,,,,,,,,,,,,,,,,,,,,,,,508.544,43.2,18.779,11.881,48472.545,,109.361,5.29,24.4,27.3,,3.32,82.28,0.944,,,,
Oceania,New Caledonia,289959,04-08-2024 00:00,80163,,,,,,,,,,,,,,,,,,,,,,,,15.342,33.4,9.954,6.489,,,,23.36,,,,,77.55,,,,,
Oceania,New Zealand,5185289,11-08-2024 00:00,2639048,,,,,,,,,,13398398,,,4944676,,1130,258.39,,,95.36,218,,,,18.206,37.9,15.322,9.72,36085.843,,128.797,8.08,14.8,17.2,,2.61,82.29,0.931,,,,
North America,Nicaragua,6948395,04-08-2024 00:00,16185,,,,,,,,,,,,,,,,,,,,,,,,51.667,27.3,5.445,3.519,5321.444,3.2,137.016,11.47,,,,0.9,74.48,0.66,,,,
Africa,Niger,26207982,04-08-2024 00:00,9518,,,,,,,,,,,,,,,,,,,,,,,,16.955,15.1,2.553,1.378,926,44.5,238.339,2.42,0.1,15.4,8.978,0.3,62.42,0.394,,,,
Africa,Nigeria,218541216,04-08-2024 00:00,267188,,,,,,,,,,,,,,,,,,,,,,,,209.588,18.1,2.751,1.447,5338.454,,181.013,2.42,0.6,10.8,41.949,,54.69,0.539,,,,
Oceania,Niue,1952,04-08-2024 00:00,1074,,,,,,,,,,,,,,,,,,,,,,,,,,,,,,,,,,,,73.71,,,,,
Asia,North Korea,26069416,04-08-2024 00:00,0,,,,,,,,,,,,,,,,,,,,,,,,211.701,35.3,9.491,6.139,,,321.681,4,,,,13.2,72.27,,,,,
Europe,North Macedonia,2093606,04-08-2024 00:00,350924,,,,,,,,,,,,,,,,,,,,,,,,82.6,39.1,13.26,8.16,13111.214,5,322.688,10.08,,,,4.28,75.8,0.774,,,,
Oceania,Northern Mariana Islands,49574,04-08-2024 00:00,14912,,,,,,,,,,,,,,,,,,,,,,,,119.878,,,,,,194.994,,,,,,76.74,,,,,
Europe,Norway,5434324,04-08-2024 00:00,1512647,,,,,,,,,,,,,,,,,,,,,,,,14.462,39.7,16.821,10.813,64800.057,0.2,114.316,5.31,19.6,20.7,,3.6,82.4,0.957,,,,
Asia,Oman,4576300,04-08-2024 00:00,399449,,,,,,,,,,,,,,,,,,,,,,,,14.98,30.7,2.355,1.53,37960.709,,266.342,12.61,0.5,15.6,97.4,1.6,77.86,0.813,,,,
Asia,Pakistan,235824864,04-08-2024 00:00,1580631,,,,,,,,,,,,,,,,,,,,,,,,255.573,23.5,4.495,2.78,5034.708,4,423.031,8.35,2.8,36.7,59.607,0.6,67.27,0.557,,,,
Oceania,Palau,18084,04-08-2024 00:00,6372,,,,,,,,,,,,,,,,,,,,,,,,47.237,,,,13240.405,,,15.89,7.7,22.7,,4.8,73.7,0.826,,,,
Asia,Palestine,5250076,04-08-2024 00:00,703228,,,,,,,,,,,,,,,,,,,,,,,,778.202,20.4,3.043,1.726,4449.898,1,265.91,10.59,,,,,74.05,0.708,,,,
North America,Panama,4408582,04-08-2024 00:00,1044821,,,,,,,,,,,,,,,,,,,,,,,,55.133,29.7,7.918,5.03,22267.037,2.2,128.346,8.33,2.4,9.9,,2.3,78.51,0.815,,,,
Oceania,Papua New Guinea,10142625,04-08-2024 00:00,46864,,,,,,,,,,,,,,,,,,,,,,,,18.22,22.6,3.808,2.142,3823.194,,561.494,17.65,23.5,48.8,,,64.5,0.555,,,,
South America,Paraguay,6780745,04-08-2024 00:00,735759,,,,,,,,,,,,,,,,,,,,,,,,17.144,26.5,6.378,3.833,8827.01,1.7,199.128,8.27,5,21.6,79.602,1.3,74.25,0.728,,,,
South America,Peru,34049588,04-08-2024 00:00,4526977,,,,,,,,,,,,,,,,,,,,,,,,25.129,29.1,7.151,4.455,12236.706,3.5,85.755,5.95,4.8,,,1.6,76.74,0.777,,,,
Asia,Philippines,115559008,04-08-2024 00:00,4140383,,,,,,,,,,,,,,,,,,,,,,,,351.873,25.2,4.803,2.661,7599.188,,370.437,7.07,7.8,40.8,78.463,1,71.23,0.718,,,,
Oceania,Pitcairn,47,04-08-2024 00:00,4,,,,,,,,,,,,,,,,,,,,,,,,,,,,,,,,,,,,,,,,,
Europe,Poland,39857144,04-08-2024 00:00,6670799,,,,,,,,,,,,,,,,,,,,,,,,124.027,41.8,16.763,10.202,27216.445,,227.331,5.91,23.3,33.1,,6.62,78.73,0.88,,,,
Europe,Portugal,10270857,04-08-2024 00:00,5664109,,,,,,,,,,,,,,,,,,,,,,,,112.371,46.2,21.502,14.924,27936.896,0.5,127.842,9.85,16.3,30,,3.39,82.05,0.864,,,,
North America,Puerto Rico,3252412,04-08-2024 00:00,1252713,,,,,,,,,,,,,,,,,,,,,,,,376.232,38.2,15.168,9.829,35044.67,,108.094,12.9,,,,,80.1,,,,,
Asia,Qatar,2695131,04-08-2024 00:00,514524,,,,,,,,,,,,,,,,,,,,,,,,227.322,31.9,1.307,0.617,116935.6,,176.69,16.52,0.8,26.9,,1.2,80.23,0.848,,,,
Africa,Reunion,974062,04-08-2024 00:00,494595,,,,,,,,,,,,,,,,,,,,,,,,,36,,6.841,,,,,,,,,80.48,,,,,
Europe,Romania,19659270,04-08-2024 00:00,3541619,,,,,,,,,,,,,,,,,,,,,,,,85.129,43,17.85,11.69,23313.199,5.7,370.946,9.74,22.9,37.1,,6.892,76.05,0.828,,,,
Europe,Russia,144713312,04-08-2024 00:00,24268728,,,,,,,,,,,,,,,,,,,,,,,,8.823,39.6,14.178,9.393,24765.954,0.1,431.297,6.18,23.4,58.3,,8.05,72.58,0.824,,,,
Africa,Rwanda,13776702,04-08-2024 00:00,133264,,,,,,,,,,,,,,,,,,,,,,,,494.869,20.3,2.974,1.642,1854.211,56,191.375,4.28,4.7,21,4.617,,69.02,0.543,,,,
North America,Saint Barthelemy,10994,04-08-2024 00:00,5507,,,,,,,,,,,,,,,,,,,,,,,,,,,,,,,,,,,,,,,,,
Africa,Saint Helena,5401,04-08-2024 00:00,2166,,,,,,,,,,,,,,,,,,,,,,,,,,,,,,,,,,,,80.56,,,,,
North America,Saint Kitts and Nevis,47681,04-08-2024 00:00,6607,,,,,,,,,,,,,,,,,,,,,,,,212.865,,,,24654.385,,,12.84,,,,2.3,76.23,0.779,,,,
North America,Saint Lucia,179872,04-08-2024 00:00,30282,,,,,,,,,,,,,,,,,,,,,,,,293.187,34.9,9.721,6.405,12951.839,,204.62,11.62,,,87.202,1.3,76.2,0.759,,,,
North America,Saint Martin (French part),31816,04-08-2024 00:00,12324,,,,,,,,,,,,,,,,,,,,,,,,590.533,,,,,,,,,,,,82.08,,,,,
North America,Saint Pierre and Miquelon,5885,04-08-2024 00:00,3426,,,,,,,,,,,,,,,,,,,,,,,,,,,,,,,,,,,,81.07,,,,,
North America,Saint Vincent and the Grenadines,103959,04-08-2024 00:00,9674,,,,,,,,,,,,,,,,,,,,,,,,281.787,31.8,7.724,4.832,10727.146,,252.675,11.62,,,,2.6,72.53,0.738,,,,
Oceania,Samoa,222390,04-08-2024 00:00,17057,,,,,,,,,,,,,,,,,,,,,,,,69.413,22,5.606,3.564,6021.557,,348.977,9.21,16.7,38.1,,,73.32,0.715,,,,
Europe,San Marino,33690,04-08-2024 00:00,25292,,,,,,,,,,,,,,,,,,,,,,,,556.667,,,,56861.47,,,5.64,,,,3.8,84.97,,,,,
Africa,Sao Tome and Principe,227393,04-08-2024 00:00,6771,,,,,,,,,,,,,,,,,,,,,,,,212.841,18.7,2.886,2.162,3052.714,32.3,270.113,2.42,,,41.34,2.9,70.39,0.625,,,,
Asia,Saudi Arabia,36408824,04-08-2024 00:00,841469,,,,,,,,,,,,,,,,,,,,,,,,15.322,31.9,3.295,1.845,49045.411,,259.538,17.72,1.8,25.4,,2.7,75.13,0.854,,,,
Africa,Senegal,17316452,04-08-2024 00:00,89485,,,,,,,,,,,,,,,,,,,,,,,,82.328,18.7,3.008,1.796,2470.58,38,241.219,2.42,0.4,16.6,20.859,,67.94,0.512,,,,
Europe,Serbia,6871547,04-08-2024 00:00,2583470,,,,,,,,,,,,,,,,,,,,,,,,80.291,41.2,17.366,,14048.881,,439.415,10.08,37.7,40.2,97.719,5.609,76,0.806,,,,
Africa,Seychelles,107135,04-08-2024 00:00,51886,,,,,,,,,,,,,,,,,,,,,,,,208.354,36.2,8.606,5.586,26382.287,1.1,242.648,10.55,7.1,35.7,,3.6,73.4,0.796,,,,
Africa,Sierra Leone,8605723,04-08-2024 00:00,7979,,,,,,,,,,,,,,,,,,,,,,,,104.7,19.1,2.538,1.285,1390.3,52.2,325.721,2.42,8.8,41.3,19.275,,54.7,0.452,,,,
Asia,Singapore,5637022,04-08-2024 00:00,3006155,,,,,,,,,,,,,,,,,,,,,,,,7915.731,42.4,12.922,7.049,85535.383,,92.243,10.99,5.2,28.3,,2.4,83.62,0.938,,,,
North America,Sint Maarten (Dutch part),44192,04-08-2024 00:00,11051,,,,,,,,,,,,,,,,,,,,,,,,1209.088,,,,36327.232,,,,,,,,78.95,,,,,
Europe,Slovakia,5643455,04-08-2024 00:00,1878002,,,,,,,,,,,,,,,,,,,,,,,,113.128,41.2,15.07,9.167,30155.152,0.7,287.959,7.29,23.1,37.7,,5.82,77.54,0.86,,,,
Europe,Slovenia,2119843,04-08-2024 00:00,1356582,,,,,,,,,,,,,,,,,,,,,,,,102.619,44.5,19.062,12.93,31400.84,,153.493,7.25,20.1,25,,4.5,81.32,0.917,,,,
Oceania,Solomon Islands,724272,04-08-2024 00:00,25954,,,,,,,,,,,,,,,,,,,,,,,,21.841,20.8,3.507,2.043,2205.923,25.1,459.78,18.68,,,35.89,1.4,73,0.567,,,,
Africa,Somalia,17597508,04-08-2024 00:00,27334,,,,,,,,,,,,,,,,,,,,,,,,23.5,16.8,2.731,1.496,,,365.769,6.05,,,9.831,0.9,57.4,,,,,
Africa,South Africa,59893884,04-08-2024 00:00,4072765,,,,,,,,,,,,,,,,,,,,,,,,46.754,27.3,5.344,3.053,12294.876,18.9,200.38,5.52,8.1,33.2,43.993,2.32,64.13,0.709,,,,
Asia,South Korea,51815808,04-08-2024 00:00,34571873,,,,,,,,,,,,,,,,,,,,,,,,527.967,43.4,13.914,8.622,35938.374,0.2,85.998,6.8,6.2,40.9,,12.27,83.03,0.916,,,,
Africa,South Sudan,10913172,04-08-2024 00:00,18823,,,,,,,,,,,,,,,,,,,,,,,,,19.2,3.441,2.032,1569.888,,280.775,10.43,,,,,57.85,0.433,,,,
Europe,Spain,47558632,04-08-2024 00:00,13980340,,,,,,,,,,,,,,,,,,,,,,,,93.105,45.5,19.436,13.799,34272.36,1,99.403,7.17,27.4,31.4,,2.97,83.56,0.904,,,,
Asia,Sri Lanka,21832150,04-08-2024 00:00,672798,,,,,,,,,,,,,,,,,,,,,,,,341.955,34.1,10.069,5.331,11669.077,0.7,197.093,10.68,0.3,27,,3.6,76.98,0.782,,,,
Africa,Sudan,46874200,04-08-2024 00:00,63993,,,,,,,,,,,,,,,,,,,,,,,,23.258,19.7,3.548,2.034,4466.507,,431.388,15.67,,,23.437,0.8,65.31,0.51,,,,
South America,Suriname,618046,04-08-2024 00:00,82501,,,,,,,,,,,,,,,,,,,,,,,,3.612,29.6,6.933,4.229,13767.119,,258.314,12.54,7.4,42.9,67.779,3.1,71.68,0.738,,,,
Europe,Sweden,10549349,04-08-2024 00:00,2755181,,,,,,,,,,,,,,,,,,,,,,,,24.718,41,19.985,13.433,46949.283,0.5,133.982,4.79,18.8,18.9,,2.22,82.8,0.945,,,,
Europe,Switzerland,8740471,04-08-2024 00:00,4457868,,,,,,,,,,,,,,,,,,,,,,,,214.243,43.1,18.436,12.644,57410.166,,99.739,5.59,22.6,28.9,,4.53,83.78,0.955,,,,
Asia,Syria,22125242,04-08-2024 00:00,57423,,,,,,,,,,,,,,,,,,,,,,,,,21.7,,2.577,,,376.264,,,,70.598,1.5,72.7,0.567,,,,
Asia,Tajikistan,9952789,04-08-2024 00:00,17786,,,,,,,,,,,,,,,,,,,,,,,,64.281,23.3,3.466,2.155,2896.913,4.8,427.698,7.11,,,72.704,4.8,71.1,0.668,,,,
Africa,Tanzania,65497752,04-08-2024 00:00,43230,,,,,,,,,,,,,,,,,,,,,,,,64.699,17.7,3.108,1.874,2683.304,49.1,217.288,5.75,3.3,26.7,47.953,0.7,65.46,0.529,,,,
Asia,Thailand,71697024,04-08-2024 00:00,4799180,,,,,,,,,,,,,,,,,,,,,,,,135.132,40.1,11.373,6.89,16277.671,0.1,109.861,7.04,1.9,38.8,90.67,2.1,77.15,0.777,,,,
Africa,Togo,8848700,04-08-2024 00:00,39530,,,,,,,,,,,,,,,,,,,,,,,,143.366,19.4,2.839,1.525,1429.813,49.2,280.033,6.15,0.9,14.2,10.475,0.7,61.04,0.515,,,,
Oceania,Tokelau,1893,04-08-2024 00:00,80,,,,,,,,,,,,,,,,,,,,,,,,,,,,,,,,,,,,81.86,,,,,
Oceania,Tonga,106867,04-08-2024 00:00,16976,,,,,,,,,,,,,,,,,,,,,,,,150.028,22.3,5.82,4.032,5425.621,,227.49,15.42,11.8,44.4,,2.6,70.91,0.725,,,,
North America,Trinidad and Tobago,1531043,04-08-2024 00:00,191496,,,,,,,,,,,,,,,,,,,,,,,,266.886,36.2,10.014,5.819,28763.071,,228.467,10.97,,,89.443,3,73.51,0.796,,,,
Africa,Tunisia,12356116,04-08-2024 00:00,1153361,,,,,,,,,,,,,,,,,,,,,,,,74.228,32.7,8.001,5.075,10849.297,2,318.991,8.52,1.1,65.8,78.687,2.3,76.7,0.74,,,,
Asia,Turkey,85341248,04-08-2024 00:00,17004718,,,,,,,,,,,,,,,,,,,,,,,,104.914,31.6,8.153,5.061,25129.341,0.2,171.285,12.13,14.1,41.1,,2.81,77.69,0.82,,,,
Asia,Turkmenistan,6430777,04-08-2024 00:00,0,,,,,,,,,,,,,,,,,,,,,,,,12.253,26.9,4.277,2.541,16389.023,,536.783,7.11,,,100,7.4,68.19,0.715,,,,
North America,Turks and Caicos Islands,45726,04-08-2024 00:00,6805,,,,,,,,,,,,,,,,,,,,,,,,37.312,,,,,,,,,,,,80.22,,,,,
Oceania,Tuvalu,11335,04-08-2024 00:00,2943,,,,,,,,,,,,,,,,,,,,,,,,373.067,,,,3575.104,3.3,,27.25,,,,,67.57,,,,,
Africa,Uganda,47249588,04-08-2024 00:00,172154,,,,,,,,,,,,,,,,,,,,,,,,213.759,16.4,2.168,1.308,1697.707,41.6,213.333,2.5,3.4,16.7,21.222,0.5,63.37,0.544,,,,
Europe,Ukraine,39701744,04-08-2024 00:00,5532777,,,,,,,,,,,,,,,,,,,,,,,,77.39,41.4,16.462,11.133,7894.393,0.1,539.849,7.11,13.5,47.4,,8.8,72.06,0.779,,,,
Asia,United Arab Emirates,9441138,04-08-2024 00:00,1067030,,,,,,,,,,,,,,,,,,,,,,,,112.442,34,1.144,0.526,67293.483,,317.84,17.26,1.2,37.4,,1.2,77.97,0.89,,,,
Europe,United Kingdom,67508936,04-08-2024 00:00,24974629,,,,,,,,,,,,,,,,,,,,,,,,272.898,40.8,18.517,12.527,39753.244,0.2,122.137,4.28,20,24.7,,2.54,81.32,0.932,,,,
North America,United States,338289856,04-08-2024 00:00,103436829,,,,,,,,,,,,,,,,,,,,,,,,35.608,38.3,15.413,9.732,54225.446,1.2,151.089,10.79,19.1,24.6,,2.77,78.86,0.926,,,,
North America,United States Virgin Islands,99479,04-08-2024 00:00,25389,,,,,,,,,,,,,,,,,,,,,,,,306.48,42.2,18.601,10.799,,,273.67,12.26,,,,,80.58,,,,,
South America,Uruguay,3422796,04-08-2024 00:00,1041346,,,,,,,,,,,,,,,,,,,,,,,,19.751,35.6,14.655,10.361,20551.409,0.1,160.708,6.93,14,19.9,,2.8,77.91,0.817,,,,
Asia,Uzbekistan,34627648,04-08-2024 00:00,175081,,,,,,,,,,,,,,,,,,,,,,,,76.134,28.2,4.469,2.873,6253.104,,724.417,7.57,1.3,24.7,,4,71.72,0.72,,,,
Oceania,Vanuatu,326744,04-08-2024 00:00,12019,,,,,,,,,,,,,,,,,,,,,,,,22.662,23.1,4.394,2.62,2921.909,13.2,546.3,12.02,2.8,34.5,25.209,,70.47,0.609,,,,
Europe,Vatican,808,04-08-2024 00:00,26,,,,,,,,,,,,,,,,,,,,,,,,,,,,,,,,,,,,75.12,,,,,
South America,Venezuela,28301700,04-08-2024 00:00,552695,,,,,,,,,,,,,,,,,,,,,,,,36.253,29,6.614,3.915,16745.022,,204.85,6.47,,,,0.8,72.06,0.711,,,,
Asia,Vietnam,98186856,04-08-2024 00:00,11624000,,,,,,,,,,,,,,,,,,,,,,,,308.127,32.6,7.15,4.718,6171.884,2,245.465,6,1,45.9,85.847,2.6,75.4,0.704,,,,
Oceania,Wallis and Futuna,11596,04-08-2024 00:00,3760,,,,,,,,,,,,,,,,,,,,,,,,,,,,,,,,,,,,79.94,,,,,
Asia,Yemen,33696612,04-08-2024 00:00,11945,,,,,,,,,,,,,,,,,,,,,,,,53.508,20.3,2.922,1.583,1479.147,18.8,495.003,5.35,7.6,29.2,49.542,0.7,66.12,0.47,,,,
Africa,Zambia,20017670,04-08-2024 00:00,349842,,,,,,,,,,,,,,,,,,,,,,,,22.995,17.7,2.48,1.542,3689.251,57.5,234.499,3.94,3.1,24.7,13.938,2,63.89,0.584,,,,
Africa,Zimbabwe,16320539,04-08-2024 00:00,266386,,,,,,,,,,,,,,,,,,,,,,,,42.729,19.6,2.822,1.882,1899.775,21.4,307.846,1.82,1.6,30.7,36.791,1.7,61.49,0.571,,,,
